batch_size: 8, max_epoches: 2, hidden_size: 8, patience: 5, daytolook: 15, optimizer: Adam, learning_rate: 0.01
dayloss,"[0.011532417498528957, 0.022941846400499344, 0.036413464695215225, 0.05305001139640808, 0.07060231268405914, 0.0905427634716034, 0.11134439706802368, 0.13187125325202942, 0.15264832973480225, 0.1771804243326187, 0.20553521811962128, 0.2300170212984085, 0.26609858870506287, 0.2868117094039917, 0.33763161301612854]"
valid_loss,0.14561476163681625
dayerror,"[0.9589146971702576, 0.9670542478561401, 0.9724805951118469, 0.976938009262085, 0.979651153087616, 0.9806201457977295, 0.9819767475128174, 0.9866278767585754, 0.9881783127784729, 0.9899224638938904, 0.992054283618927, 0.9901162981987, 0.9941860437393188, 0.9955426454544067, 0.9970930218696594]"
valid_error,0.9834237770516743
